sub_bin_id,bin_id,sub_bin_letter,north_lat,south_lat,west_lon,east_lon,center_lat,center_lon
A1a,A1,a,35.293958,35.293864,-101.603798,-101.603677,35.293911,-101.603737
A1b,A1,b,35.293958,35.293864,-101.603677,-101.603555,35.293911,-101.603616
A1c,A1,c,35.293958,35.293864,-101.603555,-101.603434,35.293911,-101.603495
A1d,A1,d,35.293864,35.293770,-101.603798,-101.603677,35.293817,-101.603737
A1e,A1,e,35.293864,35.293770,-101.603677,-101.603555,35.293817,-101.603616
A1f,A1,f,35.293864,35.293770,-101.603555,-101.603434,35.293817,-101.603495
A1g,A1,g,35.293770,35.293676,-101.603798,-101.603677,35.293723,-101.603737
A1h,A1,h,35.293770,35.293676,-101.603677,-101.603555,35.293723,-101.603616
A1i,A1,i,35.293770,35.293676,-101.603555,-101.603434,35.293723,-101.603495
B1a,B1,a,35.293958,35.293864,-101.603434,-101.603313,35.293911,-101.603373
B1b,B1,b,35.293958,35.293864,-101.603313,-101.603191,35.293911,-101.603252
B1c,B1,c,35.293958,35.293864,-101.603191,-101.603070,35.293911,-101.603131
B1d,B1,d,35.293864,35.293770,-101.603434,-101.603313,35.293817,-101.603373
B1e,B1,e,35.293864,35.293770,-101.603313,-101.603191,35.293817,-101.603252
B1f,B1,f,35.293864,35.293770,-101.603191,-101.603070,35.293817,-101.603131
B1g,B1,g,35.293770,35.293676,-101.603434,-101.603313,35.293723,-101.603373
B1h,B1,h,35.293770,35.293676,-101.603313,-101.603191,35.293723,-101.603252
B1i,B1,i,35.293770,35.293676,-101.603191,-101.603070,35.293723,-101.603131
C1a,C1,a,35.293958,35.293864,-101.603070,-101.602949,35.293911,-101.603009
C1b,C1,b,35.293958,35.293864,-101.602949,-101.602827,35.293911,-101.602888
C1c,C1,c,35.293958,35.293864,-101.602827,-101.602706,35.293911,-101.602767
C1d,C1,d,35.293864,35.293770,-101.603070,-101.602949,35.293817,-101.603009
C1e,C1,e,35.293864,35.293770,-101.602949,-101.602827,35.293817,-101.602888
C1f,C1,f,35.293864,35.293770,-101.602827,-101.602706,35.293817,-101.602767
C1g,C1,g,35.293770,35.293676,-101.603070,-101.602949,35.293723,-101.603009
C1h,C1,h,35.293770,35.293676,-101.602949,-101.602827,35.293723,-101.602888
C1i,C1,i,35.293770,35.293676,-101.602827,-101.602706,35.293723,-101.602767
D1a,D1,a,35.293958,35.293864,-101.602706,-101.602585,35.293911,-101.602645
D1b,D1,b,35.293958,35.293864,-101.602585,-101.602463,35.293911,-101.602524
D1c,D1,c,35.293958,35.293864,-101.602463,-101.602342,35.293911,-101.602403
D1d,D1,d,35.293864,35.293770,-101.602706,-101.602585,35.293817,-101.602645
D1e,D1,e,35.293864,35.293770,-101.602585,-101.602463,35.293817,-101.602524
D1f,D1,f,35.293864,35.293770,-101.602463,-101.602342,35.293817,-101.602403
D1g,D1,g,35.293770,35.293676,-101.602706,-101.602585,35.293723,-101.602645
D1h,D1,h,35.293770,35.293676,-101.602585,-101.602463,35.293723,-101.602524
D1i,D1,i,35.293770,35.293676,-101.602463,-101.602342,35.293723,-101.602403
E1a,E1,a,35.293958,35.293864,-101.602342,-101.602221,35.293911,-101.602281
E1b,E1,b,35.293958,35.293864,-101.602221,-101.602099,35.293911,-101.602160
E1c,E1,c,35.293958,35.293864,-101.602099,-101.601978,35.293911,-101.602039
E1d,E1,d,35.293864,35.293770,-101.602342,-101.602221,35.293817,-101.602281
E1e,E1,e,35.293864,35.293770,-101.602221,-101.602099,35.293817,-101.602160
E1f,E1,f,35.293864,35.293770,-101.602099,-101.601978,35.293817,-101.602039
E1g,E1,g,35.293770,35.293676,-101.602342,-101.602221,35.293723,-101.602281
E1h,E1,h,35.293770,35.293676,-101.602221,-101.602099,35.293723,-101.602160
E1i,E1,i,35.293770,35.293676,-101.602099,-101.601978,35.293723,-101.602039
F1a,F1,a,35.293958,35.293864,-101.601978,-101.601857,35.293911,-101.601917
F1b,F1,b,35.293958,35.293864,-101.601857,-101.601735,35.293911,-101.601796
F1c,F1,c,35.293958,35.293864,-101.601735,-101.601614,35.293911,-101.601675
F1d,F1,d,35.293864,35.293770,-101.601978,-101.601857,35.293817,-101.601917
F1e,F1,e,35.293864,35.293770,-101.601857,-101.601735,35.293817,-101.601796
F1f,F1,f,35.293864,35.293770,-101.601735,-101.601614,35.293817,-101.601675
F1g,F1,g,35.293770,35.293676,-101.601978,-101.601857,35.293723,-101.601917
F1h,F1,h,35.293770,35.293676,-101.601857,-101.601735,35.293723,-101.601796
F1i,F1,i,35.293770,35.293676,-101.601735,-101.601614,35.293723,-101.601675
G1a,G1,a,35.293958,35.293864,-101.601614,-101.601493,35.293911,-101.601553
G1b,G1,b,35.293958,35.293864,-101.601493,-101.601371,35.293911,-101.601432
G1c,G1,c,35.293958,35.293864,-101.601371,-101.601250,35.293911,-101.601311
G1d,G1,d,35.293864,35.293770,-101.601614,-101.601493,35.293817,-101.601553
G1e,G1,e,35.293864,35.293770,-101.601493,-101.601371,35.293817,-101.601432
G1f,G1,f,35.293864,35.293770,-101.601371,-101.601250,35.293817,-101.601311
G1g,G1,g,35.293770,35.293676,-101.601614,-101.601493,35.293723,-101.601553
G1h,G1,h,35.293770,35.293676,-101.601493,-101.601371,35.293723,-101.601432
G1i,G1,i,35.293770,35.293676,-101.601371,-101.601250,35.293723,-101.601311
A2a,A2,a,35.293676,35.293582,-101.603798,-101.603677,35.293629,-101.603737
A2b,A2,b,35.293676,35.293582,-101.603677,-101.603555,35.293629,-101.603616
A2c,A2,c,35.293676,35.293582,-101.603555,-101.603434,35.293629,-101.603495
A2d,A2,d,35.293582,35.293488,-101.603798,-101.603677,35.293535,-101.603737
A2e,A2,e,35.293582,35.293488,-101.603677,-101.603555,35.293535,-101.603616
A2f,A2,f,35.293582,35.293488,-101.603555,-101.603434,35.293535,-101.603495
A2g,A2,g,35.293488,35.293394,-101.603798,-101.603677,35.293441,-101.603737
A2h,A2,h,35.293488,35.293394,-101.603677,-101.603555,35.293441,-101.603616
A2i,A2,i,35.293488,35.293394,-101.603555,-101.603434,35.293441,-101.603495
B2a,B2,a,35.293676,35.293582,-101.603434,-101.603313,35.293629,-101.603373
B2b,B2,b,35.293676,35.293582,-101.603313,-101.603191,35.293629,-101.603252
B2c,B2,c,35.293676,35.293582,-101.603191,-101.603070,35.293629,-101.603131
B2d,B2,d,35.293582,35.293488,-101.603434,-101.603313,35.293535,-101.603373
B2e,B2,e,35.293582,35.293488,-101.603313,-101.603191,35.293535,-101.603252
B2f,B2,f,35.293582,35.293488,-101.603191,-101.603070,35.293535,-101.603131
B2g,B2,g,35.293488,35.293394,-101.603434,-101.603313,35.293441,-101.603373
B2h,B2,h,35.293488,35.293394,-101.603313,-101.603191,35.293441,-101.603252
B2i,B2,i,35.293488,35.293394,-101.603191,-101.603070,35.293441,-101.603131
C2a,C2,a,35.293676,35.293582,-101.603070,-101.602949,35.293629,-101.603009
C2b,C2,b,35.293676,35.293582,-101.602949,-101.602827,35.293629,-101.602888
C2c,C2,c,35.293676,35.293582,-101.602827,-101.602706,35.293629,-101.602767
C2d,C2,d,35.293582,35.293488,-101.603070,-101.602949,35.293535,-101.603009
C2e,C2,e,35.293582,35.293488,-101.602949,-101.602827,35.293535,-101.602888
C2f,C2,f,35.293582,35.293488,-101.602827,-101.602706,35.293535,-101.602767
C2g,C2,g,35.293488,35.293394,-101.603070,-101.602949,35.293441,-101.603009
C2h,C2,h,35.293488,35.293394,-101.602949,-101.602827,35.293441,-101.602888
C2i,C2,i,35.293488,35.293394,-101.602827,-101.602706,35.293441,-101.602767
D2a,D2,a,35.293676,35.293582,-101.602706,-101.602585,35.293629,-101.602645
D2b,D2,b,35.293676,35.293582,-101.602585,-101.602463,35.293629,-101.602524
D2c,D2,c,35.293676,35.293582,-101.602463,-101.602342,35.293629,-101.602403
D2d,D2,d,35.293582,35.293488,-101.602706,-101.602585,35.293535,-101.602645
D2e,D2,e,35.293582,35.293488,-101.602585,-101.602463,35.293535,-101.602524
D2f,D2,f,35.293582,35.293488,-101.602463,-101.602342,35.293535,-101.602403
D2g,D2,g,35.293488,35.293394,-101.602706,-101.602585,35.293441,-101.602645
D2h,D2,h,35.293488,35.293394,-101.602585,-101.602463,35.293441,-101.602524
D2i,D2,i,35.293488,35.293394,-101.602463,-101.602342,35.293441,-101.602403
E2a,E2,a,35.293676,35.293582,-101.602342,-101.602221,35.293629,-101.602281
E2b,E2,b,35.293676,35.293582,-101.602221,-101.602099,35.293629,-101.602160
E2c,E2,c,35.293676,35.293582,-101.602099,-101.601978,35.293629,-101.602039
E2d,E2,d,35.293582,35.293488,-101.602342,-101.602221,35.293535,-101.602281
E2e,E2,e,35.293582,35.293488,-101.602221,-101.602099,35.293535,-101.602160
E2f,E2,f,35.293582,35.293488,-101.602099,-101.601978,35.293535,-101.602039
E2g,E2,g,35.293488,35.293394,-101.602342,-101.602221,35.293441,-101.602281
E2h,E2,h,35.293488,35.293394,-101.602221,-101.602099,35.293441,-101.602160
E2i,E2,i,35.293488,35.293394,-101.602099,-101.601978,35.293441,-101.602039
F2a,F2,a,35.293676,35.293582,-101.601978,-101.601857,35.293629,-101.601917
F2b,F2,b,35.293676,35.293582,-101.601857,-101.601735,35.293629,-101.601796
F2c,F2,c,35.293676,35.293582,-101.601735,-101.601614,35.293629,-101.601675
F2d,F2,d,35.293582,35.293488,-101.601978,-101.601857,35.293535,-101.601917
F2e,F2,e,35.293582,35.293488,-101.601857,-101.601735,35.293535,-101.601796
F2f,F2,f,35.293582,35.293488,-101.601735,-101.601614,35.293535,-101.601675
F2g,F2,g,35.293488,35.293394,-101.601978,-101.601857,35.293441,-101.601917
F2h,F2,h,35.293488,35.293394,-101.601857,-101.601735,35.293441,-101.601796
F2i,F2,i,35.293488,35.293394,-101.601735,-101.601614,35.293441,-101.601675
G2a,G2,a,35.293676,35.293582,-101.601614,-101.601493,35.293629,-101.601553
G2b,G2,b,35.293676,35.293582,-101.601493,-101.601371,35.293629,-101.601432
G2c,G2,c,35.293676,35.293582,-101.601371,-101.601250,35.293629,-101.601311
G2d,G2,d,35.293582,35.293488,-101.601614,-101.601493,35.293535,-101.601553
G2e,G2,e,35.293582,35.293488,-101.601493,-101.601371,35.293535,-101.601432
G2f,G2,f,35.293582,35.293488,-101.601371,-101.601250,35.293535,-101.601311
G2g,G2,g,35.293488,35.293394,-101.601614,-101.601493,35.293441,-101.601553
G2h,G2,h,35.293488,35.293394,-101.601493,-101.601371,35.293441,-101.601432
G2i,G2,i,35.293488,35.293394,-101.601371,-101.601250,35.293441,-101.601311
A3a,A3,a,35.293394,35.293300,-101.603798,-101.603677,35.293347,-101.603737
A3b,A3,b,35.293394,35.293300,-101.603677,-101.603555,35.293347,-101.603616
A3c,A3,c,35.293394,35.293300,-101.603555,-101.603434,35.293347,-101.603495
A3d,A3,d,35.293300,35.293206,-101.603798,-101.603677,35.293253,-101.603737
A3e,A3,e,35.293300,35.293206,-101.603677,-101.603555,35.293253,-101.603616
A3f,A3,f,35.293300,35.293206,-101.603555,-101.603434,35.293253,-101.603495
A3g,A3,g,35.293206,35.293112,-101.603798,-101.603677,35.293159,-101.603737
A3h,A3,h,35.293206,35.293112,-101.603677,-101.603555,35.293159,-101.603616
A3i,A3,i,35.293206,35.293112,-101.603555,-101.603434,35.293159,-101.603495
B3a,B3,a,35.293394,35.293300,-101.603434,-101.603313,35.293347,-101.603373
B3b,B3,b,35.293394,35.293300,-101.603313,-101.603191,35.293347,-101.603252
B3c,B3,c,35.293394,35.293300,-101.603191,-101.603070,35.293347,-101.603131
B3d,B3,d,35.293300,35.293206,-101.603434,-101.603313,35.293253,-101.603373
B3e,B3,e,35.293300,35.293206,-101.603313,-101.603191,35.293253,-101.603252
B3f,B3,f,35.293300,35.293206,-101.603191,-101.603070,35.293253,-101.603131
B3g,B3,g,35.293206,35.293112,-101.603434,-101.603313,35.293159,-101.603373
B3h,B3,h,35.293206,35.293112,-101.603313,-101.603191,35.293159,-101.603252
B3i,B3,i,35.293206,35.293112,-101.603191,-101.603070,35.293159,-101.603131
C3a,C3,a,35.293394,35.293300,-101.603070,-101.602949,35.293347,-101.603009
C3b,C3,b,35.293394,35.293300,-101.602949,-101.602827,35.293347,-101.602888
C3c,C3,c,35.293394,35.293300,-101.602827,-101.602706,35.293347,-101.602767
C3d,C3,d,35.293300,35.293206,-101.603070,-101.602949,35.293253,-101.603009
C3e,C3,e,35.293300,35.293206,-101.602949,-101.602827,35.293253,-101.602888
C3f,C3,f,35.293300,35.293206,-101.602827,-101.602706,35.293253,-101.602767
C3g,C3,g,35.293206,35.293112,-101.603070,-101.602949,35.293159,-101.603009
C3h,C3,h,35.293206,35.293112,-101.602949,-101.602827,35.293159,-101.602888
C3i,C3,i,35.293206,35.293112,-101.602827,-101.602706,35.293159,-101.602767
D3a,D3,a,35.293394,35.293300,-101.602706,-101.602585,35.293347,-101.602645
D3b,D3,b,35.293394,35.293300,-101.602585,-101.602463,35.293347,-101.602524
D3c,D3,c,35.293394,35.293300,-101.602463,-101.602342,35.293347,-101.602403
D3d,D3,d,35.293300,35.293206,-101.602706,-101.602585,35.293253,-101.602645
D3e,D3,e,35.293300,35.293206,-101.602585,-101.602463,35.293253,-101.602524
D3f,D3,f,35.293300,35.293206,-101.602463,-101.602342,35.293253,-101.602403
D3g,D3,g,35.293206,35.293112,-101.602706,-101.602585,35.293159,-101.602645
D3h,D3,h,35.293206,35.293112,-101.602585,-101.602463,35.293159,-101.602524
D3i,D3,i,35.293206,35.293112,-101.602463,-101.602342,35.293159,-101.602403
E3a,E3,a,35.293394,35.293300,-101.602342,-101.602221,35.293347,-101.602281
E3b,E3,b,35.293394,35.293300,-101.602221,-101.602099,35.293347,-101.602160
E3c,E3,c,35.293394,35.293300,-101.602099,-101.601978,35.293347,-101.602039
E3d,E3,d,35.293300,35.293206,-101.602342,-101.602221,35.293253,-101.602281
E3e,E3,e,35.293300,35.293206,-101.602221,-101.602099,35.293253,-101.602160
E3f,E3,f,35.293300,35.293206,-101.602099,-101.601978,35.293253,-101.602039
E3g,E3,g,35.293206,35.293112,-101.602342,-101.602221,35.293159,-101.602281
E3h,E3,h,35.293206,35.293112,-101.602221,-101.602099,35.293159,-101.602160
E3i,E3,i,35.293206,35.293112,-101.602099,-101.601978,35.293159,-101.602039
F3a,F3,a,35.293394,35.293300,-101.601978,-101.601857,35.293347,-101.601917
F3b,F3,b,35.293394,35.293300,-101.601857,-101.601735,35.293347,-101.601796
F3c,F3,c,35.293394,35.293300,-101.601735,-101.601614,35.293347,-101.601675
F3d,F3,d,35.293300,35.293206,-101.601978,-101.601857,35.293253,-101.601917
F3e,F3,e,35.293300,35.293206,-101.601857,-101.601735,35.293253,-101.601796
F3f,F3,f,35.293300,35.293206,-101.601735,-101.601614,35.293253,-101.601675
F3g,F3,g,35.293206,35.293112,-101.601978,-101.601857,35.293159,-101.601917
F3h,F3,h,35.293206,35.293112,-101.601857,-101.601735,35.293159,-101.601796
F3i,F3,i,35.293206,35.293112,-101.601735,-101.601614,35.293159,-101.601675
G3a,G3,a,35.293394,35.293300,-101.601614,-101.601493,35.293347,-101.601553
G3b,G3,b,35.293394,35.293300,-101.601493,-101.601371,35.293347,-101.601432
G3c,G3,c,35.293394,35.293300,-101.601371,-101.601250,35.293347,-101.601311
G3d,G3,d,35.293300,35.293206,-101.601614,-101.601493,35.293253,-101.601553
G3e,G3,e,35.293300,35.293206,-101.601493,-101.601371,35.293253,-101.601432
G3f,G3,f,35.293300,35.293206,-101.601371,-101.601250,35.293253,-101.601311
G3g,G3,g,35.293206,35.293112,-101.601614,-101.601493,35.293159,-101.601553
G3h,G3,h,35.293206,35.293112,-101.601493,-101.601371,35.293159,-101.601432
G3i,G3,i,35.293206,35.293112,-101.601371,-101.601250,35.293159,-101.601311
D4a,D4,a,35.293112,35.293018,-101.602706,-101.602585,35.293065,-101.602645
D4b,D4,b,35.293112,35.293018,-101.602585,-101.602463,35.293065,-101.602524
D4c,D4,c,35.293112,35.293018,-101.602463,-101.602342,35.293065,-101.602403
D4d,D4,d,35.293018,35.292924,-101.602706,-101.602585,35.292971,-101.602645
D4e,D4,e,35.293018,35.292924,-101.602585,-101.602463,35.292971,-101.602524
D4f,D4,f,35.293018,35.292924,-101.602463,-101.602342,35.292971,-101.602403
D4g,D4,g,35.292924,35.292830,-101.602706,-101.602585,35.292877,-101.602645
D4h,D4,h,35.292924,35.292830,-101.602585,-101.602463,35.292877,-101.602524
D4i,D4,i,35.292924,35.292830,-101.602463,-101.602342,35.292877,-101.602403
E4a,E4,a,35.293112,35.293018,-101.602342,-101.602221,35.293065,-101.602281
E4b,E4,b,35.293112,35.293018,-101.602221,-101.602099,35.293065,-101.602160
E4c,E4,c,35.293112,35.293018,-101.602099,-101.601978,35.293065,-101.602039
E4d,E4,d,35.293018,35.292924,-101.602342,-101.602221,35.292971,-101.602281
E4e,E4,e,35.293018,35.292924,-101.602221,-101.602099,35.292971,-101.602160
E4f,E4,f,35.293018,35.292924,-101.602099,-101.601978,35.292971,-101.602039
E4g,E4,g,35.292924,35.292830,-101.602342,-101.602221,35.292877,-101.602281
E4h,E4,h,35.292924,35.292830,-101.602221,-101.602099,35.292877,-101.602160
E4i,E4,i,35.292924,35.292830,-101.602099,-101.601978,35.292877,-101.602039
F4a,F4,a,35.293112,35.293018,-101.601978,-101.601857,35.293065,-101.601917
F4b,F4,b,35.293112,35.293018,-101.601857,-101.601735,35.293065,-101.601796
F4c,F4,c,35.293112,35.293018,-101.601735,-101.601614,35.293065,-101.601675
F4d,F4,d,35.293018,35.292924,-101.601978,-101.601857,35.292971,-101.601917
F4e,F4,e,35.293018,35.292924,-101.601857,-101.601735,35.292971,-101.601796
F4f,F4,f,35.293018,35.292924,-101.601735,-101.601614,35.292971,-101.601675
F4g,F4,g,35.292924,35.292830,-101.601978,-101.601857,35.292877,-101.601917
F4h,F4,h,35.292924,35.292830,-101.601857,-101.601735,35.292877,-101.601796
F4i,F4,i,35.292924,35.292830,-101.601735,-101.601614,35.292877,-101.601675
G4a,G4,a,35.293112,35.293018,-101.601614,-101.601493,35.293065,-101.601553
G4b,G4,b,35.293112,35.293018,-101.601493,-101.601371,35.293065,-101.601432
G4c,G4,c,35.293112,35.293018,-101.601371,-101.601250,35.293065,-101.601311
G4d,G4,d,35.293018,35.292924,-101.601614,-101.601493,35.292971,-101.601553
G4e,G4,e,35.293018,35.292924,-101.601493,-101.601371,35.292971,-101.601432
G4f,G4,f,35.293018,35.292924,-101.601371,-101.601250,35.292971,-101.601311
G4g,G4,g,35.292924,35.292830,-101.601614,-101.601493,35.292877,-101.601553
G4h,G4,h,35.292924,35.292830,-101.601493,-101.601371,35.292877,-101.601432
G4i,G4,i,35.292924,35.292830,-101.601371,-101.601250,35.292877,-101.601311
A5a,A5,a,35.292830,35.292736,-101.603798,-101.603677,35.292783,-101.603737
A5b,A5,b,35.292830,35.292736,-101.603677,-101.603555,35.292783,-101.603616
A5c,A5,c,35.292830,35.292736,-101.603555,-101.603434,35.292783,-101.603495
A5d,A5,d,35.292736,35.292642,-101.603798,-101.603677,35.292689,-101.603737
A5e,A5,e,35.292736,35.292642,-101.603677,-101.603555,35.292689,-101.603616
A5f,A5,f,35.292736,35.292642,-101.603555,-101.603434,35.292689,-101.603495
A5g,A5,g,35.292642,35.292548,-101.603798,-101.603677,35.292595,-101.603737
A5h,A5,h,35.292642,35.292548,-101.603677,-101.603555,35.292595,-101.603616
A5i,A5,i,35.292642,35.292548,-101.603555,-101.603434,35.292595,-101.603495
E5a,E5,a,35.292830,35.292736,-101.602342,-101.602221,35.292783,-101.602281
E5b,E5,b,35.292830,35.292736,-101.602221,-101.602099,35.292783,-101.602160
E5c,E5,c,35.292830,35.292736,-101.602099,-101.601978,35.292783,-101.602039
E5d,E5,d,35.292736,35.292642,-101.602342,-101.602221,35.292689,-101.602281
E5e,E5,e,35.292736,35.292642,-101.602221,-101.602099,35.292689,-101.602160
E5f,E5,f,35.292736,35.292642,-101.602099,-101.601978,35.292689,-101.602039
E5g,E5,g,35.292642,35.292548,-101.602342,-101.602221,35.292595,-101.602281
E5h,E5,h,35.292642,35.292548,-101.602221,-101.602099,35.292595,-101.602160
E5i,E5,i,35.292642,35.292548,-101.602099,-101.601978,35.292595,-101.602039
F5a,F5,a,35.292830,35.292736,-101.601978,-101.601857,35.292783,-101.601917
F5b,F5,b,35.292830,35.292736,-101.601857,-101.601735,35.292783,-101.601796
F5c,F5,c,35.292830,35.292736,-101.601735,-101.601614,35.292783,-101.601675
F5d,F5,d,35.292736,35.292642,-101.601978,-101.601857,35.292689,-101.601917
F5e,F5,e,35.292736,35.292642,-101.601857,-101.601735,35.292689,-101.601796
F5f,F5,f,35.292736,35.292642,-101.601735,-101.601614,35.292689,-101.601675
F5g,F5,g,35.292642,35.292548,-101.601978,-101.601857,35.292595,-101.601917
F5h,F5,h,35.292642,35.292548,-101.601857,-101.601735,35.292595,-101.601796
F5i,F5,i,35.292642,35.292548,-101.601735,-101.601614,35.292595,-101.601675
G5a,G5,a,35.292830,35.292736,-101.601614,-101.601493,35.292783,-101.601553
G5b,G5,b,35.292830,35.292736,-101.601493,-101.601371,35.292783,-101.601432
G5c,G5,c,35.292830,35.292736,-101.601371,-101.601250,35.292783,-101.601311
G5d,G5,d,35.292736,35.292642,-101.601614,-101.601493,35.292689,-101.601553
G5e,G5,e,35.292736,35.292642,-101.601493,-101.601371,35.292689,-101.601432
G5f,G5,f,35.292736,35.292642,-101.601371,-101.601250,35.292689,-101.601311
G5g,G5,g,35.292642,35.292548,-101.601614,-101.601493,35.292595,-101.601553
G5h,G5,h,35.292642,35.292548,-101.601493,-101.601371,35.292595,-101.601432
G5i,G5,i,35.292642,35.292548,-101.601371,-101.601250,35.292595,-101.601311
